{
  "analysis_timestamp": "2026-07-13T18:14:36.275654",
  "total_decisions": 440,
  "total_games": 50,
  "unique_actions_used": 18,
  "most_common_action": [
    2,
    182
  ],
  "action_distribution": {
    "2": 182,
    "9": 74,
    "0": 47,
    "21": 1,
    "1": 41,
    "32": 11,
    "3": 8,
    "6": 24,
    "40": 29,
    "20": 3,
    "8": 10,
    "96": 3,
    "14": 1,
    "7": 1,
    "10": 1,
    "64": 1,
    "16": 2,
    "4": 1
  },
  "mean_entropy": 5.543397499214519,
  "entropy_std": 0.0009305393173161008,
  "mean_bosses_killed": 1.14,
  "max_bosses_killed": 3,
  "win_rate": 0.0,
  "mean_episode_reward": -0.8860000000000001,
  "yield_rate": 0.10681818181818181,
  "scenarios": {
    "played_jester": 0,
    "yield_on_defense": 35,
    "wasted_face_card": 0
  }
}